,hotel,price,rating,start_date,city
0,Lisbon Best Choice Prime Apartments Alfama,967,9.3,2023-05-22,Lisboa
1,TURIM Iberia Hotel,651,8.2,2023-05-22,Lisboa
2,Star inn Lisbon Airport,864,8.6,2023-05-22,Lisboa
3,Bairro Alto Bronze of Art Apartments,869,8.8,2023-05-22,Lisboa
4,Jupiter Lisboa Hotel,1134,8.7,2023-05-22,Lisboa
5,Novotel Lisboa,798,7.8,2023-05-22,Lisboa
6,Hotel 3K Madrid,618,7.4,2023-05-22,Lisboa
7,Boa Nova Guesthouse,454,7.4,2023-05-22,Lisboa
8,Lisbon Art Stay Apartments Baixa,878,8.9,2023-05-22,Lisboa
9,Hotel Pateo - Lisbon Lounge Suites,942,8.7,2023-05-22,Lisboa
10,HF Fenix Garden,888,8.6,2023-05-22,Lisboa
11,GuestHouse Pena,336,7.4,2023-05-22,Lisboa
12,TURIM Alameda Hotel,926,8.1,2023-05-22,Lisboa
13,Montecarmo12,1014,8.1,2023-05-22,Lisboa
14,54 São Paulo - Exclusive Apartment Hotel,1022,9.1,2023-05-22,Lisboa
15,54 Santa Catarina Apartments,1118,9.3,2023-05-22,Lisboa
16,São Vicente Alfama Hotel by TRIUS Hotels,1554,9.4,2023-05-22,Lisboa
17,Alma Moura Residences,756,8.5,2023-05-22,Lisboa
18,Memmo Príncipe Real - Design Hotels,2914,9.0,2023-05-22,Lisboa
19,Republica83-Campo Pequeno Home,481,8.4,2023-05-22,Lisboa
20,HF Fenix Music,1011,8.7,2023-05-22,Lisboa
21,TM Luxury Apartments Lisbon,1074,9.4,2023-05-22,Lisboa
22,Moxy Lisboa Oriente,1022,8.5,2023-05-22,Lisboa
23,Bairro Alto Hotel,2974,9.2,2023-05-22,Lisboa
24,SantoSweethome 1,636,8.4,2023-05-22,Lisboa
25,HF Fenix Urban,858,8.1,2023-05-22,Lisboa
26,TURIM Boulevard Hotel,1803,8.6,2023-05-22,Lisboa
27,NLC Rooms &amp; Suites,444,7.2,2023-05-22,Lisboa
28,HF Fenix Lisboa,1064,8.2,2023-05-22,Lisboa
29,Meliá Lisboa Aeroporto,1128,8.8,2023-05-22,Lisboa
30,toctoctoc lisboa,1777,9.5,2023-05-22,Lisboa
31,RENT4REST LISBON DOWNTOWN TINY STUDIO Apartments,772,7.9,2023-05-22,Lisboa
32,Light of Lisbon Apartments I,760,7.5,2023-05-22,Lisboa
33,Sublime Lisboa,2424,9.7,2023-05-22,Lisboa
34,Lisboa Pessoa Hotel,1802,9.0,2023-05-22,Lisboa
35,Palácio do Visconde,1556,9.3,2023-05-22,Lisboa
36,Lisbon Cheese &amp; Wine Suites,1132,8.6,2023-05-22,Lisboa
37,Pensao Nova Goa,444,7.2,2023-05-22,Lisboa
38,Browns Central Hotel,1308,8.8,2023-05-22,Lisboa
39,Alfama Lyfe,686,9.6,2023-05-22,Lisboa
40,Down Town Apartment - Expo23,768,8.4,2023-05-22,Lisboa
41,The Ivens Autograph Collection,3984,9.3,2023-05-22,Lisboa
42,Chiado Arty Flats,1595,9.3,2023-05-22,Lisboa
43,Ibis Styles Lisboa Centro Marquês de Pombal,732,8.2,2023-05-22,Lisboa
44,Water and Sun Studio,444,7.2,2023-05-22,Lisboa
45,TURIM Terreiro do Paço Hotel,951,7.7,2023-05-22,Lisboa
46,Lisboa Carmo Hotel,1882,9.0,2023-05-22,Lisboa
47,TryLisbon Calvário,587,8.4,2023-05-22,Lisboa
48,Zenit Lisboa,735,8.4,2023-05-22,Lisboa
49,Hotel Alif Campo Pequeno,880,7.7,2023-05-22,Lisboa
50,Lisboa Prata Boutique Hotel,929,8.2,2023-05-22,Lisboa
51,Lisbon Serviced Apartments - Avenida,993,8.2,2023-05-22,Lisboa
52,Browns Boutique Hotel,1254,8.9,2023-05-22,Lisboa
53,Hotel Mercure Lisboa,798,7.7,2023-05-22,Lisboa
54,EPIC SANA Lisboa Hotel,1968,9.3,2023-05-22,Lisboa
55,Pousada de Lisboa - Small Luxury Hotels Of The World,2705,9.0,2023-05-22,Lisboa
56,Pop Saldanha Premium Apartments,984,8.6,2023-05-22,Lisboa
57,Wine &amp; Books Lisboa Hotel,1883,9.3,2023-05-22,Lisboa
58,Majesticlara Lisbon Guest House,486,8.2,2023-05-22,Lisboa
59,Finest Rentals - Expo Riverside,925,8.9,2023-05-22,Lisboa
60,Maxime Hotel Lisbon,1162,8.8,2023-05-22,Lisboa
61,EPIC SANA Marquês Hotel,2158,9.2,2023-05-22,Lisboa
62,Charming Apartment with Terrace and Pool in Lisbon,1139,9.2,2023-05-22,Lisboa
63,Flores Guest House,884,8.5,2023-05-22,Lisboa
64,Lx Boutique Hotel,1289,8.6,2023-05-22,Lisboa
65,Cais Urban Lodge,1093,8.9,2023-05-22,Lisboa
66,America Diamonds Hotel &amp; Sushi Bar,978,8.5,2023-05-22,Lisboa
67,Enjoy Lisbon Graça 2,846,9.7,2023-05-22,Lisboa
68,Portas Do Bairro,964,7.6,2023-05-22,Lisboa
69,Home Out Rooms &amp; Apartments,403,8.7,2023-05-22,Lisboa
70,Alfama Right Point,891,8.4,2023-05-22,Lisboa
71,Sofitel Lisbon Liberdade,1480,8.4,2023-05-22,Lisboa
72,Hola Lisbon Suites,816,8.5,2023-05-22,Lisboa
73,Lisbon Serviced Apartments - Parque,1249,8.3,2023-05-22,Lisboa
74,Lisbon Skyline Terrace,584,7.9,2023-05-22,Lisboa
75,Radisson Blu Hotel Lisbon,942,7.9,2023-05-22,Lisboa
76,TURIM Europa Hotel,754,7.8,2023-05-22,Lisboa
77,Hotel 3K Barcelona,738,7.7,2023-05-22,Lisboa
78,Dreaming Lisbon - Trigueiros Pateo,894,8.4,2023-05-22,Lisboa
79,TURIM Saldanha Hotel,803,8.0,2023-05-22,Lisboa
80,Hotel Alif Avenidas,1230,8.2,2023-05-22,Lisboa
81,Industrial Lisbon Apartment,816,8.8,2023-05-22,Lisboa
82,Lisbon Lovers,824,9.1,2023-05-22,Lisboa
83,Duplo Charme Boutique Hotel,864,8.3,2023-05-22,Lisboa
84,ON City Flats,961,7.9,2023-05-22,Lisboa
85,Esqina Urban Lodge,1006,8.5,2023-05-22,Lisboa
86,The Emerald House Lisbon - Curio Collection By Hilton,1913,9.0,2023-05-22,Lisboa
87,Lumen Hotel &amp; The Lisbon Light Show,1251,9.1,2023-05-22,Lisboa
88,Monopoly house for GROUPS!,1358,9.5,2023-05-22,Lisboa
89,Belem Boutique Apartments by Homing,610,6.7,2023-05-22,Lisboa
90,Browns Downtown Hotel,1325,8.7,2023-05-22,Lisboa
91,Dom Pedro Lisboa,1117,8.5,2023-05-22,Lisboa
92,Eurostars Lisboa Baixa,1918,9.7,2023-05-22,Lisboa
93,Esqina Cosmopolitan Lodge,1209,8.7,2023-05-22,Lisboa
94,Portas do Céu,1098,8.4,2023-05-22,Lisboa
95,São Vicente 1797 Apartments,1209,9.6,2023-05-22,Lisboa
96,Belém- Charming Apartments,804,8.7,2023-05-22,Lisboa
97,Hotel Travel Park Lisboa,743,8.3,2023-05-22,Lisboa
98,Sta Catarina Design Apartments by Lisbon One,1194,8.6,2023-05-22,Lisboa
99,Vila Gale Opera,1430,7.7,2023-05-22,Lisboa
100,Hotel Hotel - Member of Design Hotels,2265,9.3,2023-05-22,Lisboa
101,Lisbon Castle Apartment,858,9.0,2023-05-22,Lisboa
102,TURIM Marques Hotel,879,8.1,2023-05-22,Lisboa
103,Akicity Alameda Charm,990,8.0,2023-05-22,Lisboa
104,Casa Boma Lisboa - Brighting And Charming Apartment - Lapa VI,788,8.0,2023-05-22,Lisboa
105,My Mouraria Suites,735,7.6,2023-05-22,Lisboa
106,Deco Gem in Santa Catarina,1924,7.5,2023-05-22,Lisboa
107,Hotel Principe Real,968,7.9,2023-05-22,Lisboa
108,Alegria A Lisbon Boutique Hotel,1332,9.0,2023-05-22,Lisboa
109,The Visionaire Apartments,1544,9.0,2023-05-22,Lisboa
110,Hygge House,726,8.7,2023-05-22,Lisboa
111,1898 Home &amp; Suites,528,7.0,2023-05-22,Lisboa
112,Hotel Miraparque,918,8.3,2023-05-22,Lisboa
113,Lisbon Apartments in Anjos,594,9.7,2023-05-22,Lisboa
114,MY LX FLAT Bairro Alto Design Apartments,743,8.5,2023-05-22,Lisboa
115,Hotel Gat Rossio,848,8.6,2023-05-22,Lisboa
116,Lisbon Serviced Apartments - Liberdade,961,8.6,2023-05-22,Lisboa
117,Hostel Crespo,438,8.0,2023-05-22,Lisboa
118,Ascensor da Bica - Lisbon Serviced Apartments,883,8.1,2023-05-22,Lisboa
119,Hall Chiado,794,8.7,2023-05-22,Lisboa
120,The Lisbonaire Apartments,1254,9.0,2023-05-22,Lisboa
121,Contador Mor Rooms and Apartments,678,8.3,2023-05-22,Lisboa
122,Castilho House,683,8.8,2023-05-22,Lisboa
123,Studio Heart of the City - Castle,578,7.6,2023-05-22,Lisboa
124,1869 Príncipe Real House,1187,9.1,2023-05-22,Lisboa
125,The Editory Riverside Santa Apolónia Hotel,1464,8.7,2023-05-22,Lisboa
126,Palácio das Especiarias,1913,9.3,2023-05-22,Lisboa
127,Hotel Do Chile,769,7.7,2023-05-22,Lisboa
128,Castelo Typical by Homing,812,nan,2023-05-22,Lisboa
129,Hotel Principe Lisboa,845,8.7,2023-05-22,Lisboa
130,Dreaming Lisbon - Trigueiros,936,8.5,2023-05-22,Lisboa
131,BessaHotel Liberdade,2084,9.1,2023-05-22,Lisboa
132,"Stay local in Alfama! Deolinda central Home, amazing view",1062,9.6,2023-05-22,Lisboa
133,Apartment São Lourenço,967,8.5,2023-05-22,Lisboa
134,EVOLUTION Lisboa Hotel,1248,8.5,2023-05-22,Lisboa
135,Hotel Botanico,888,8.6,2023-05-22,Lisboa
136,AlmaLusa Baixa/Chiado,2276,9.1,2023-05-22,Lisboa
137,Vincci Baixa,1701,8.6,2023-05-22,Lisboa
138,"Holiday Inn Express Lisboa - Av. Liberdade, an IHG Hotel",953,8.5,2023-05-22,Lisboa
139,Largo da Sé Guest House - HOrigem,438,7.5,2023-05-22,Lisboa
140,Lisbon Serviced Apartments - Bairro Alto,910,8.5,2023-05-22,Lisboa
141,Chiado 44,937,8.6,2023-05-22,Lisboa
142,Lost Lisbon :: Chiado House,1464,9.0,2023-05-22,Lisboa
143,"Holiday Inn Express Lisbon Airport, an IHG Hotel",724,8.0,2023-05-22,Lisboa
144,The Vintage Hotel &amp; Spa Lisbon,1995,9.0,2023-05-22,Lisboa
145,Apartamento Roma,820,9.5,2023-05-22,Lisboa
146,Lisbon Serviced Apartments - Baixa Castelo,1304,8.6,2023-05-22,Lisboa
147,Garam Lisboa,1158,8.9,2023-05-22,Lisboa
148,The Central Lisbonary Apartment,669,7.5,2023-05-22,Lisboa
149,Ibis Styles Lisboa Centro Liberdade NE,936,8.6,2023-05-22,Lisboa
150,Friendly Border City Design Apartments,635,7.9,2023-05-22,Lisboa
151,1924,293,7.3,2023-05-22,Lisboa
152,Hostel Petit Lusa,1344,9.0,2023-05-22,Lisboa
153,LR Guest House,1279,9.5,2023-05-22,Lisboa
154,SANA Malhoa Hotel,1355,8.7,2023-05-22,Lisboa
155,Chiado Mercy II,1074,9.0,2023-05-22,Lisboa
156,PortoBay Marquês,1604,8.9,2023-05-22,Lisboa
157,Rising Sun,642,8.8,2023-05-22,Lisboa
158,Lisbon Serviced Apartments - Santos,935,8.4,2023-05-22,Lisboa
159,262 Baixa Guesthouse,387,7.5,2023-05-22,Lisboa
160,Like Home - Santos,943,8.6,2023-05-22,Lisboa
161,Lisbon Best Places - Rooftop,2478,8.6,2023-05-22,Lisboa
162,Vila Nova Guesthouse,758,8.3,2023-05-22,Lisboa
163,Typical Portuguese Apartment in São Bento,1539,10,2023-05-22,Lisboa
164,Stay Home Lisbon,694,8.7,2023-05-22,Lisboa
165,Casa Boma Lisboa - Modern &amp; Luminous Apartment with Balcony - Alcantara I,860,8.3,2023-05-22,Lisboa
166,Casa com Alma Portuguesa @ Alfama Studio,642,8.1,2023-05-22,Lisboa
167,Cosy Luxury Apartment - Lisbon Center,619,8.2,2023-05-22,Lisboa
168,Coleginho Apartment,734,7.1,2023-05-22,Lisboa
169,LX Townhouse Ideal for Big Groups. Prime Location Top Street,1948,nan,2023-05-22,Lisboa
170,Vincci Liberdade,2027,8.9,2023-05-22,Lisboa
171,Casa da Maria Alfama,1164,8.6,2023-05-22,Lisboa
172,Santa Marta by SpotOn Apartments,984,nan,2023-05-22,Lisboa
173,Tivoli Oriente Hotel,1226,8.4,2023-05-22,Lisboa
174,Hotel Portuense Lisboa,951,8.6,2023-05-22,Lisboa
175,New Charming Flat - Lisbon Center,627,7.2,2023-05-22,Lisboa
176,Rose Apartments,527,6.3,2023-05-22,Lisboa
177,"Holiday Inn Express - Lisbon - Plaza Saldanha, an IHG Hotel",768,8.6,2023-05-22,Lisboa
178,Alegramente,850,8.8,2023-05-22,Lisboa
179,Inspira Liberdade Boutique Hotel,1203,8.7,2023-05-22,Lisboa
180,Residencial Joao XXI,354,6.0,2023-05-22,Lisboa
181,Loft Lambert,592,9.3,2023-05-22,Lisboa
182,Lisbon Serviced Apartments - Castelo S. Jorge,852,7.8,2023-05-22,Lisboa
183,Rossio Garden Hotel,1013,8.2,2023-05-22,Lisboa
184,Urbano FLH Hotels Lisboa,1296,9.0,2023-05-22,Lisboa
185,Your Home in Bairro Alto,744,7.5,2023-05-22,Lisboa
186,Lisbon Serviced Apartments - Chiado Emenda,1127,8.6,2023-05-22,Lisboa
187,Casa do Mercado Lisboa,1368,9.0,2023-05-22,Lisboa
188,SANA Reno Hotel,1149,8.2,2023-05-22,Lisboa
189,C&amp;O Guest House Lisbon,474,8.2,2023-05-22,Lisboa
190,Hills Hotel Lisboa,1092,8.2,2023-05-22,Lisboa
191,Apt in Lisbon Oriente 57 - Parque das Nações,1251,8.1,2023-05-22,Lisboa
192,Living Lounge Hostel,465,8.9,2023-05-22,Lisboa
193,LV Premier Apartments Chiado- CH,1876,8.5,2023-05-22,Lisboa
194,Patria Hotel,744,7.9,2023-05-22,Lisboa
195,Melia Lisboa Oriente Hotel,1110,8.9,2023-05-22,Lisboa
196,FLH Marquês Pombal Flat with Balcony,1098,nan,2023-05-22,Lisboa
197,FLH Santa Catarina Typical Studio,660,7.3,2023-05-22,Lisboa
198,Amazonia Lisboa Hotel,755,7.8,2023-05-22,Lisboa
199,Pensao Residencial Flor dos Cavaleiros,384,6.0,2023-05-22,Lisboa
200,V Dinastia,492,7.2,2023-05-22,Lisboa
201,Alfama Charming Apartment with Amazing River View and Terrace,1404,9.5,2023-05-22,Lisboa
202,NH Collection Lisboa Liberdade,1588,8.5,2023-05-22,Lisboa
203,Iberostar Selection Lisboa,1364,8.5,2023-05-22,Lisboa
204,Refúgio da Cidade,1059,9.0,2023-05-22,Lisboa
205,Akicity Baixa In II,720,nan,2023-05-22,Lisboa
206,Lux Lisboa Park,2460,8.9,2023-05-22,Lisboa
207,Lisbon Serviced Apartments - Benformoso,877,7.9,2023-05-22,Lisboa
208,Vila Garden Guesthouse,745,9.0,2023-05-22,Lisboa
209,O Elétrico Guesthouse,372,8.3,2023-05-22,Lisboa
210,Chalet D´Ávila Guest House,449,9.0,2023-05-22,Lisboa
211,Madalena Hermitage,1338,9.1,2023-05-22,Lisboa
212,Crisapartment,924,9.4,2023-05-22,Lisboa
213,Raw Culture Art &amp; Lofts Bairro Alto,2711,9.4,2023-05-22,Lisboa
214,Palácio Camões - Lisbon Serviced Apartments,1178,8.2,2023-05-22,Lisboa
215,BairroSweethome,1248,8.6,2023-05-22,Lisboa
216,Amazing Flat - Pool and Parking,962,8.7,2023-05-22,Lisboa
217,SANA Rex Hotel,973,7.5,2023-05-22,Lisboa
218,Tivoli Avenida Liberdade Lisboa – A Leading Hotel of the World,2417,8.8,2023-05-22,Lisboa
219,Ikonik Lisboa,877,8.6,2023-05-22,Lisboa
220,In the heart of Lisbon,794,8.4,2023-05-22,Lisboa
221,Geronimo Guest House Belém,1014,9.1,2023-05-22,Lisboa
222,Akicity Lisboa Iris,1590,9.2,2023-05-22,Lisboa
223,Arco da Graça Apartment,1092,9.0,2023-05-22,Lisboa
224,Alfama River Studio,716,10,2023-05-22,Lisboa
225,Alfama River Studio,716,10,2023-05-22,Lisboa
226,Boutique Apartments Lisboa,933,7.2,2023-05-22,Lisboa
227,Chiado Prime Suites by Homing,1304,8.6,2023-05-22,Lisboa
228,Apt in Lisbon Oriente 25 - Parque das Nações,1193,8.4,2023-05-22,Lisboa
229,Casa do Conde,634,8.1,2023-05-22,Lisboa
230,Inn-Chiado Restauradores Prime Suites,607,7.9,2023-05-22,Lisboa
231,The 8 - Downtown Suites,894,8.2,2023-05-22,Lisboa
232,The Lisboans Apartments,1824,9.4,2023-05-22,Lisboa
233,Triplex with Garage - Praça das Flores,984,8.5,2023-05-22,Lisboa
234,Charm @ the very heart of Lisboa,620,nan,2023-05-22,Lisboa
235,Charm @ the very heart of Lisboa,620,nan,2023-05-22,Lisboa
236,The ART INN Lisbon,1458,8.5,2023-05-22,Lisboa
237,Lisbon Garden Boutique Guest House,420,8.6,2023-05-22,Lisboa
238,Nova Alegria,486,8.0,2023-05-22,Lisboa
239,Trendy Apartment in Bairro Alto,782,9.7,2023-05-22,Lisboa
240,The Estrela Apartment,744,8.9,2023-05-22,Lisboa
241,Inn Bairro Alto B&amp;B / B.A Sweet,682,8.4,2023-05-22,Lisboa
242,GS Chiado Boutique Studios &amp; Suites,1208,8.6,2023-05-22,Lisboa
243,Hotel Florida,965,7.7,2023-05-22,Lisboa
244,The Hygge Lisbon Suites - Estrela,1167,8.0,2023-05-22,Lisboa
245,SANA Capitol Hotel,1100,8.4,2023-05-22,Lisboa
246,São Vicente House,924,8.8,2023-05-22,Lisboa
247,Dinya Lisbon Hotel &amp; Lounge Bar,1028,8.6,2023-05-22,Lisboa
248,Hotel White Lisboa,1163,8.7,2023-05-22,Lisboa
249,My Bairro Alto Suites,1038,7.7,2023-05-22,Lisboa
250,Crooked House Alfama,814,9.0,2023-05-22,Lisboa
251,Lisbon Serviced Apartments - Baixa,1288,8.6,2023-05-22,Lisboa
252,"Holiday Inn Lisbon, an IHG Hotel",786,7.9,2023-05-22,Lisboa
253,Marino Lisboa,840,8.6,2023-05-22,Lisboa
254,Lisbon Serviced Apartments - Mouraria,1032,8.4,2023-05-22,Lisboa
255,Casa do Principe,1038,8.3,2023-05-22,Lisboa
256,Find Me Inn Alcantara,944,8.9,2023-05-22,Lisboa
257,Hotel Alicante,594,7.5,2023-05-22,Lisboa
258,Eurostars Universal Lisboa,903,8.4,2023-05-22,Lisboa
259,The Leaf Boutique Hotel Lisbon,883,8.9,2023-05-22,Lisboa
260,Lisbon Lounge Hostel,434,8.8,2023-05-22,Lisboa
261,Bird's Nest Lisbon Apartment,1278,8.4,2023-05-22,Lisboa
262,Pestana Lisboa Vintage City Center Suites,1543,8.1,2023-05-22,Lisboa
263,Casa do Patio by Shiadu,1485,8.9,2023-05-22,Lisboa
264,Modern Cozy Studio - Portas Do Sol,544,7.5,2023-05-22,Lisboa
265,Portas do Teatro Apartments,1314,7.8,2023-05-22,Lisboa
266,Casa com Alma Portuguesa @ Top Location Cais do Sodré,942,8.7,2023-05-22,Lisboa
267,Dear Lisbon - Bordalo Palace Chiado,1338,9.1,2023-05-22,Lisboa
268,Lisbon Dreams Estrela TOP Suites,629,8.5,2023-05-22,Lisboa
269,Hotel da Estrela - by Unlock Hotels,1096,8.4,2023-05-22,Lisboa
270,Happy Days,654,8.7,2023-05-22,Lisboa
271,Lisbon Best Choice Prime Apartments Alfama,967,9.3,2023-05-22,Lisboa
272,Casa Boma Lisboa - Elegant &amp; Spacious Apartment - Campo I,915,8.1,2023-05-22,Lisboa
273,Lisbon Nest,798,8.9,2023-05-22,Lisboa
274,Martim Moniz Charming by Lisbon Village Apartments,714,7.9,2023-05-22,Lisboa
275,Martim Moniz Charming by Lisbon Village Apartments,714,7.9,2023-05-22,Lisboa
276,RoomDream AL Beato,324,8.4,2023-05-22,Lisboa
277,Lost Lisbon :: Cais House,1464,8.8,2023-05-22,Lisboa
278,Romantic Gem in Graça,1145,9.0,2023-05-22,Lisboa
279,Pestana CR7 Lisboa,1446,8.6,2023-05-22,Lisboa
280,Cosy Attic City center,624,7.7,2023-05-22,Lisboa
281,Stunning Apartment near Avenue Liberdade,1374,9.5,2023-05-22,Lisboa
282,My Suite Lisbon Guest House – Principe Real,1252,8.5,2023-05-22,Lisboa
283,Amoreira Room,338,7.9,2023-05-22,Lisboa
284,Calçada do Combro,1324,8.6,2023-05-22,Lisboa
285,Palacette da Mouraria,766,8.8,2023-05-22,Lisboa
286,Férias no Bairro,738,8.7,2023-05-22,Lisboa
287,Architectural Gem in Bica,1838,8.8,2023-05-22,Lisboa
288,Boemio FLH Hotels,1474,9.3,2023-05-22,Lisboa
289,Hotel Dom João Lisboa,510,7.9,2023-05-22,Lisboa
290,LUSTER Hotel,1313,9.4,2023-05-22,Lisboa
291,República Bed &amp; Breakfast,580,9.1,2023-05-22,Lisboa
292,Verão Casa,1104,8.1,2023-05-22,Lisboa
293,Guest House Guerra Junqueiro,414,8.0,2023-05-22,Lisboa
294,Succeed Campo Pequeno Apartments,635,8.5,2023-05-22,Lisboa
295,Ferraria XVI FLH Hotels Lisboa,1688,9.2,2023-05-22,Lisboa
296,Olissippo Castelo,1244,8.5,2023-05-22,Lisboa
297,As Janelas Verdes Inn - Lisbon Heritage Collection - Riverside,2556,8.9,2023-05-22,Lisboa
298,GuestReady - Luxury Apartment with Private Terrace in the Lapa Quarter,806,7.0,2023-05-22,Lisboa
299,Apartamento Bernardim Ribeiro 4 andar,474,8.3,2023-05-22,Lisboa
300,TURIM Lisboa Hotel,1513,7.9,2023-05-22,Lisboa
301,Lisbon For You Apartment,799,9.0,2023-05-22,Lisboa
302,Casa do Jasmim by Shiadu,1532,8.9,2023-05-22,Lisboa
303,Traditional Studio in Alfama,697,9.0,2023-05-22,Lisboa
304,GuestReady - Modern and cosy apartment,796,nan,2023-05-22,Lisboa
305,Akicity Real In,684,nan,2023-05-22,Lisboa
306,LX Lisboa Cozy studio,582,7.9,2023-05-22,Lisboa
307,B&amp;B Hotel Lisboa Aeroporto,427,8.2,2023-05-22,Lisboa
308,Monte Belvedere Hotel by Shiadu,1874,8.8,2023-05-22,Lisboa
309,EXE Liberdade,920,8.5,2023-05-22,Lisboa
310,Varandas de Lisboa - Tejo River Apartments &amp; Rooms,693,8.7,2023-05-22,Lisboa
311,Beautiful garden-campo pequeno home,774,9.1,2023-05-22,Lisboa
312,Altis Avenida Hotel,2420,9.0,2023-05-22,Lisboa
313,LX51 Studios &amp; Suites - Lisbon center,804,8.2,2023-05-22,Lisboa
314,Dare Lisbon House,1482,9.4,2023-05-22,Lisboa
315,Casa da Ilda,584,9.0,2023-05-22,Lisboa
316,Alfama District by be@home,744,7.5,2023-05-22,Lisboa
317,One Bedroom Apartment with Stunning River Views and Private Rooftop!,710,9.4,2023-05-22,Lisboa
318,GuestReady - Time Out 106,831,6.6,2023-05-22,Lisboa
319,CastleViewAttic,758,8.1,2023-05-22,Lisboa
320,Cosy Studio in Alfama near Castelo St Jorge,449,2.7,2023-05-22,Lisboa
321,Memoria Lisboa FLH Hotels,1587,9.1,2023-05-22,Lisboa
322,Lisbon Serviced Apartments - Campos,670,8.2,2023-05-22,Lisboa
323,Dona Graca Lisbon Apartments,1361,8.9,2023-05-22,Lisboa
324,WC by The Beautique Hotels,1033,8.6,2023-05-22,Lisboa
325,Rent4Rest Dream View Apartment Lisbon,2107,8.8,2023-05-22,Lisboa
326,Dear Lisbon - Gallery House,1098,8.8,2023-05-22,Lisboa
327,Hotel Santa Justa,1891,9.1,2023-05-22,Lisboa
328,SantoSweethome 2,672,8.4,2023-05-22,Lisboa
329,Alfama Downtown Apartments,474,6.8,2023-05-22,Lisboa
330,Hotel INN Rossio,1158,7.7,2023-05-22,Lisboa
331,Montebelo Lx Dwt Apartments,1458,9.6,2023-05-22,Lisboa
332,Deco Gem Bica,1446,7.3,2023-05-22,Lisboa
333,8 Building Serviced Apartment by the River,1305,8.3,2023-05-22,Lisboa
334,Lisbon10,775,9.2,2023-05-22,Lisboa
335,Alfama Apartment with River view,1084,8.5,2023-05-22,Lisboa
336,Tesouro da Baixa by Shiadu,1825,9.0,2023-05-22,Lisboa
337,Lisbon Five Stars Apartments 8 Building,1136,8.2,2023-05-22,Lisboa
338,"InterContinental Lisbon, an IHG Hotel",1779,8.8,2023-05-22,Lisboa
339,4U Lisbon II Guesthouse,474,7.2,2023-05-22,Lisboa
340,Principe Real Beautiful 3 Bedroom Flat,2183,8.7,2023-05-22,Lisboa
341,Spacious And Modern Studio In Belem!,647,7.3,2023-05-22,Lisboa
342,GuestReady - Exquisite Discoveries Apt,621,nan,2023-05-22,Lisboa
343,Smy Lisboa,996,8.1,2023-05-22,Lisboa
344,Hotel Lisboa Plaza - Lisbon Heritage Collection - Avenida,1266,8.7,2023-05-22,Lisboa
345,Green Ávila Saldanha,753,8.6,2023-05-22,Lisboa
346,The Bridge,365,7.1,2023-05-22,Lisboa
347,Vila Rosário 3 studios with Patio by Homeful Homes,709,8.5,2023-05-22,Lisboa
348,Hotel Sete Colinas,873,8.6,2023-05-22,Lisboa
349,WHome Casa Alcazar Perfect spot w/ private Patio,969,8.0,2023-05-22,Lisboa
350,Stay Hotel Lisboa Aeroporto,594,8.0,2023-05-22,Lisboa
351,Apt in Lisbon Rio - Parque das Nações,961,7.8,2023-05-22,Lisboa
352,PortoBay Liberdade,1879,9.0,2023-05-22,Lisboa
353,SANA Metropolitan Hotel,1309,8.5,2023-05-22,Lisboa
354,Stairways to Alfama,709,7.7,2023-05-22,Lisboa
355,Altis Prime Hotel,1484,8.5,2023-05-22,Lisboa
356,Regueira Apartment,592,8.0,2023-05-22,Lisboa
357,Lisbon Serviced Apartments - Madalena,1503,8.5,2023-05-22,Lisboa
358,Mama Shelter Lisboa,1186,8.4,2023-05-22,Lisboa
359,Tempo FLH Hotels Lisboa,1391,9.0,2023-05-22,Lisboa
360,Palacio Ramalhete,2227,8.8,2023-05-22,Lisboa
361,Apartments in downtown,1440,8.8,2023-05-22,Lisboa
362,Universo Romantico,456,7.1,2023-05-22,Lisboa
363,Lisbon Style,684,8.4,2023-05-22,Lisboa
364,Ginjinha House - 4 Rooms - Bairro Alto - with AC!,696,6.6,2023-05-22,Lisboa
365,Apartamento Ideal 3,549,8.1,2023-05-22,Lisboa
366,Hotel Dom Sancho I,824,7.8,2023-05-22,Lisboa
367,GuestReady -- Cream and Wood Stay in Alcântara,509,6.9,2023-05-22,Lisboa
368,Real Residência - Apartamentos Turísticos,858,8.1,2023-05-22,Lisboa
369,4U Lisbon Airport Suites,684,7.9,2023-05-22,Lisboa
370,"Stay local in Alfama! Alice central home, near river",1149,8.5,2023-05-22,Lisboa
371,New!! Luxury Avenida Da Liberdade Flat- with Rooftop and Pool,1524,9.6,2023-05-22,Lisboa
372,Studios with Mezzanine Rua da Moeda,933,9.5,2023-05-22,Lisboa
373,Akicity Lisboa Star II,1374,9.0,2023-05-22,Lisboa
374,Santo António Prime Apartments II by Goodplace,673,8.2,2023-05-22,Lisboa
375,Heart of Alfama,654,9.5,2023-05-22,Lisboa
376,9Hotel Mercy,1572,8.4,2023-05-22,Lisboa
377,Lisboa Central Park Hotel Suites &amp; Studios,834,7.6,2023-05-22,Lisboa
378,Selina Secret Garden Lisbon,567,7.9,2023-05-22,Lisboa
379,Home Out Central Roma Apartment,672,8.6,2023-05-22,Lisboa
380,Bliss Lisbon Apartments - Bairro Alto,1884,8.0,2023-05-22,Lisboa
381,Claude Homes Lisbon Rato,941,9.2,2023-05-22,Lisboa
382,LxRoller Quionga BIG terraced Apartment - 5 rooms,1236,6.3,2023-05-22,Lisboa
383,Elegant 2 Bedroom Apartment in Iconic Alfama!,1361,6.8,2023-05-22,Lisboa
384,Blue Liberdade Hotel,1972,9.6,2023-05-22,Lisboa
385,Modern Lisbon Apartments by SoulPlaces,1691,9.1,2023-05-22,Lisboa
386,Hermitage Castelo - Casa Chafariz,1590,9.4,2023-05-22,Lisboa
387,The One Palácio da Anunciada,2697,8.8,2023-05-22,Lisboa
388,Anjos 44 Lisbon Apartments,1143,8.1,2023-05-22,Lisboa
389,Almaria - Officina Real Apartments | Chiado,1453,9.1,2023-05-22,Lisboa
390,Cozy Studio Alvalade,658,8.7,2023-05-22,Lisboa
391,Chiado/Carmo Apartment,834,nan,2023-05-22,Lisboa
392,Restauradores by Central Hill Apartments,2316,7.5,2023-05-22,Lisboa
393,"Modern 2 Bedroom Apartment in Estrela with Outside Terrace! Amazing for Families, Couples, Friends",1499,8.1,2023-05-22,Lisboa
394,Cenário Catita Hostel,366,7.4,2023-05-22,Lisboa
395,Alfama Chateau - Vue Exceptionelle - Charme - Calme,1844,8.4,2023-05-22,Lisboa
396,Alfama Dream Apartments,594,8.5,2023-05-22,Lisboa
397,Belém 147 Apartment,744,8.6,2023-05-22,Lisboa
398,Hotel do Chiado,1988,9.0,2023-05-22,Lisboa
399,Almirante Reis New sublime Flat,905,8.3,2023-05-22,Lisboa
400,The Blue House - As Portuguesas,760,7.8,2023-05-22,Lisboa
401,Casa de Santa Marta,826,9.6,2023-05-22,Lisboa
402,Casa Santa Marinha,1001,8.4,2023-05-22,Lisboa
403,Áurea Museum by Eurostars Hotel Company,1812,8.8,2023-05-22,Lisboa
404,Figueira by The Beautique Hotels,1554,8.8,2023-05-22,Lisboa
405,Alfama Rose Apartment,587,8.6,2023-05-22,Lisboa
406,Kalathos Houses,768,8.2,2023-05-22,Lisboa
407,Good Vibes,826,8.3,2023-05-22,Lisboa
408,The Blue Sky Nest,1024,9.7,2023-05-22,Lisboa
409,Hotel Luena,696,8.2,2023-05-22,Lisboa
410,MY LX FLAT Graça Lighting Design Apartment,982,nan,2023-05-22,Lisboa
411,Lost Lisbon :: Avenida House,1464,8.8,2023-05-22,Lisboa
412,São Bento ao Rato Apartment,635,7.2,2023-05-22,Lisboa
413,Hotel LX Rossio,746,7.3,2023-05-22,Lisboa
414,Santo Andre Terrace,784,8.3,2023-05-22,Lisboa
415,Exe Saldanha,894,8.9,2023-05-22,Lisboa
416,Casa de Sao Mamede Hotel,924,8.8,2023-05-22,Lisboa
417,Casa Boma Lisboa - Unique Apartment With Private Balcony And Panoramic Bridge View - Alcantara IV,856,7.7,2023-05-22,Lisboa
418,Typical Lisbon Apartment 2bdr,643,8.7,2023-05-22,Lisboa
419,Walk'in Sodré,630,nan,2023-05-22,Lisboa
420,Bica FLH Suites,1131,8.8,2023-05-22,Lisboa
421,Internacional Design Hotel,1581,8.6,2023-05-22,Lisboa
422,Bairro House Lisbon Charming Suites,911,8.2,2023-05-22,Lisboa
423,Cozy apartment in Bairro Alto,776,8.3,2023-05-22,Lisboa
424,River Blue Estudio no centro Ar Condicionado,964,8.0,2023-05-22,Lisboa
425,Sheraton Lisboa Hotel &amp; Spa,1725,8.4,2023-05-22,Lisboa
426,2 suites stylish flat at bairro alto-principe real,1952,8.3,2023-05-22,Lisboa
427,House and Rooms in Lisbon,294,6.9,2023-05-22,Lisboa
428,Lisbon Unique Apartments,832,8.4,2023-05-22,Lisboa
429,Hotel ibis Lisboa Saldanha,541,8.3,2023-05-22,Lisboa
430,Martinhal Residences,1004,nan,2023-05-22,Lisboa
431,Lisbon Rentals Chiado,1817,9.6,2023-05-22,Lisboa
432,Loving Chiado,961,8.6,2023-05-22,Lisboa
433,Nations Rooms,268,6.7,2023-05-22,Lisboa
434,Ramada by Wyndham Lisbon,738,8.0,2023-05-22,Lisboa
435,Lisbon Colours Bairro Alto Apartments,1176,8.3,2023-05-22,Lisboa
436,Le Premier Lisbon Suites,941,7.6,2023-05-22,Lisboa
437,Midis Alojamento Local,314,7.1,2023-05-22,Lisboa
438,Avani Avenida Liberdade Lisbon Hotel,1493,8.4,2023-05-22,Lisboa
439,Legendary Lisboa Suites,1152,8.3,2023-05-22,Lisboa
440,Amoreiras Luxurious by Lisbon Village Apartments,938,9.0,2023-05-22,Lisboa
441,Guest House Amoreiras,366,9.0,2023-05-22,Lisboa
442,Casa do Bairro by Shiadu,1601,9.1,2023-05-22,Lisboa
443,My Home Lisbon,1010,8.1,2023-05-22,Lisboa
444,Feel@home Lisboa,494,8.7,2023-05-22,Lisboa
445,Hotel ibis Lisboa Jose Malhoa,588,8.0,2023-05-22,Lisboa
446,Charming 1 Bedroom Apartment w/ Terrace Near Belém,807,8.3,2023-05-22,Lisboa
447,Altis Grand Hotel,1836,8.5,2023-05-22,Lisboa
448,Beco das Flores Typical Apartment,560,6.9,2023-05-22,Lisboa
449,Páteo Saudade Lofts,908,8.2,2023-05-22,Lisboa
450,Ola Lisbon - Castelo Terrace I,1648,6.8,2023-05-22,Lisboa
451,Lisboa: O Saraiva,1092,8.0,2023-05-22,Lisboa
452,DoBairro suites at Bairro Alto,730,8.1,2023-05-22,Lisboa
453,Apartments of the Marques,744,7.7,2023-05-22,Lisboa
454,Comtesse Lisbonne Apartments,887,8.5,2023-05-22,Lisboa
455,Akicity Amoreiras Jade,720,nan,2023-05-22,Lisboa
456,Low Cost Desterro Apartments,584,6.9,2023-05-22,Lisboa
457,GuestReady - Cidade Suites,437,7.0,2023-05-22,Lisboa
458,Studio 59,585,8.5,2023-05-22,Lisboa
459,Charming Studio in Adamastor Lisbon! Perfect location - Super central but calm!,846,7.8,2023-05-22,Lisboa
460,Akicity Lisboa Charm,954,7.1,2023-05-22,Lisboa
461,Alvalade Inn,834,9.2,2023-05-22,Lisboa
462,Arroios BnB,1038,9.6,2023-05-22,Lisboa
463,Gaspar House,678,9.8,2023-05-22,Lisboa
464,Alfama Apartments São Crispim,714,7.6,2023-05-22,Lisboa
465,"Beatiful Alfama, charming apartment",869,8.1,2023-05-22,Lisboa
466,C&amp;O Guest House Alcântara-Lisbon,444,8.4,2023-05-22,Lisboa
467,Residentas Arco do Bandeira,1444,9.5,2023-05-22,Lisboa
468,Hotel Lisboa,910,8.4,2023-05-22,Lisboa
469,My Story Hotel Rossio,1648,9.0,2023-05-22,Lisboa
470,Alfama - Lisbon Lounge Suites,1012,8.5,2023-05-22,Lisboa
471,Quinta Colina by Shiadu,1432,8.8,2023-05-22,Lisboa
472,Stay Hotel Lisboa Centro Chiado,1104,7.9,2023-05-22,Lisboa
473,Nicola Rossio Hotel,1614,9.0,2023-05-22,Lisboa
474,New Loft - Lisboa Estrela,492,7.1,2023-05-22,Lisboa
475,The Lift Boutique Hotel by RIDAN Hotels,1604,8.8,2023-05-22,Lisboa
476,Tiny suite with private bathroom - Bairro Alto,372,5.4,2023-05-22,Lisboa
477,Casa Oliver Boutique B&amp;B - Principe Real,997,7.8,2023-05-22,Lisboa
478,Old Fence Studios - By Mayoral,804,7.7,2023-05-22,Lisboa
479,B in B Lisbon Downtown Suites,1074,8.0,2023-05-22,Lisboa
480,FLH Bica Charming Flat,664,7.3,2023-05-22,Lisboa
481,Dear Lisbon - Charming House,1176,8.9,2023-05-22,Lisboa
482,New loft with swimming pool at Parque das Nações!,1004,8.7,2023-05-22,Lisboa
483,Bright 2 bedroom Apt 100m from Av. Liberdade,1176,8.2,2023-05-22,Lisboa
484,Apartments Center Castelo,816,7.8,2023-05-22,Lisboa
485,Hotel da Baixa,2435,9.4,2023-05-22,Lisboa
486,Casa de Verão 8 building,996,nan,2023-05-22,Lisboa
487,4U Lisbon Suites &amp; Guesthouse VII Airport,474,7.2,2023-05-22,Lisboa
488,Alface Hall Hostel &amp; Bar,324,6.7,2023-05-22,Lisboa
489,Porta do Mar Deluxe Central Apartments,1086,8.5,2023-05-22,Lisboa
490,Olissippo Oriente,1744,8.7,2023-05-22,Lisboa
491,"Typical portuguese apartment at Ajuda, Belem",795,8.3,2023-05-22,Lisboa
492,MY LX FLAT Castle Alfama Studio,582,6.2,2023-05-22,Lisboa
493,GuestReady - Fado- Apt for up to 4 guests in Saldanha,918,7.8,2023-05-22,Lisboa
494,Akicity Entrecampos Iris,1374,8.0,2023-05-22,Lisboa
495,GuestReady - Angelina V,1001,8.4,2023-05-22,Lisboa
496,LxRoller Alcantara Suite Riverside,729,8.0,2023-05-22,Lisboa
497,GuestReady- Rare apt w terrace in the historic center and tagus river view,964,7.9,2023-05-22,Lisboa
498,Lisbon City Center Apartment,921,9.1,2023-05-22,Lisboa
499,Rossio Boutique Hotel,1094,8.0,2023-05-22,Lisboa
500,Guest House Guerra Junqueiro II,384,8.1,2023-05-22,Lisboa
501,Apartment Cosy. 3 Guests,645,6.4,2023-05-22,Lisboa
502,ALTIDO Modern 2-level flats near Ajuda Palace,1058,6.6,2023-05-22,Lisboa
503,Corpo Santo Lisbon Historical Hotel,3064,9.5,2023-05-22,Lisboa
504,Casas de São Bento,1104,9.3,2023-05-22,Lisboa
505,Urban &amp; Trendy Duplex close to Lx Factory by Trip2Portugal,722,7.7,2023-05-22,Lisboa
506,Fenicius Charme Hotel,967,8.3,2023-05-22,Lisboa
507,FLH Restauradores Modern Studios,883,8.5,2023-05-22,Lisboa
508,Hermitage Castelo - Casa Saint Jorge,1356,9.3,2023-05-22,Lisboa
509,Residência Almirante,326,7.0,2023-05-22,Lisboa
510,Charming Flat,794,9.2,2023-05-22,Lisboa
511,Calçada dos barbadinhos,609,7.7,2023-05-22,Lisboa
512,My Story Hotel Ouro,1221,8.7,2023-05-22,Lisboa
513,VIP Executive Arts Hotel,1218,8.3,2023-05-22,Lisboa
514,"TP Farinhas 5, Lisbon Downtown",888,8.6,2023-05-22,Lisboa
515,Perfect 1 bed in Chiado with AIRCON,934,nan,2023-05-22,Lisboa
516,Beautiful Apartment-Campo Pequeno Home,2484,9.9,2023-05-22,Lisboa
517,With You Suites,1278,9.0,2023-05-22,Lisboa
518,Lisbon Belém Guesthouse,540,8.4,2023-05-22,Lisboa
519,Alvalade Palace,690,8.8,2023-05-22,Lisboa
520,Lovely Home,864,8.7,2023-05-22,Lisboa
521,GuestReady - Time Out 105,831,5.6,2023-05-22,Lisboa
522,GuestReady - Garden - 3 Bedroom Apartment in Saldanha with Garden,1136,8.5,2023-05-22,Lisboa
523,GuestReady - Bica Grande 27 RC,1446,8.4,2023-05-22,Lisboa
524,Tejo Blue &amp; Bright - Checkinhome,850,8.8,2023-05-22,Lisboa
525,Príncipe Real Guest House,718,8.7,2023-05-22,Lisboa
526,Hotel Dom Carlos Park,967,7.9,2023-05-22,Lisboa
527,New Apartment Bairro Alto,704,8.4,2023-05-22,Lisboa
528,Bairro Alto 3 Bedroom Patio Flat!,1967,7.7,2023-05-22,Lisboa
529,Hotel Britania Art Deco - Lisbon Heritage Collection - Avenida,2506,9.5,2023-05-22,Lisboa
530,Intendente 1865 Apartaments,623,8.3,2023-05-22,Lisboa
531,Hotel Ibis Lisboa Parque das Nações,765,8.2,2023-05-22,Lisboa
532,House Rooms in Bairro Alto - Lounge,468,7.3,2023-05-22,Lisboa
533,DuMont Lisbon Guesthouse,551,8.0,2023-05-22,Lisboa
534,GuestReady - Exquisite Bica Poetas,682,8.0,2023-05-22,Lisboa
535,Casa Boma Lisboa - Modern and Stylish Apartment with Private Terrace - Lapa IV,850,7.3,2023-05-22,Lisboa
536,Lisbon Combro 77 Charming Studios by Get Your Stay,687,8.4,2023-05-22,Lisboa
537,Fonte Luminosa - Great Location,727,8.2,2023-05-22,Lisboa
538,Solar do Castelo - Lisbon Heritage Collection - Alfama,2088,9.2,2023-05-22,Lisboa
539,Altis Belem Hotel &amp; Spa - Design Hotels,2388,8.8,2023-05-22,Lisboa
540,Quinta do Boição,654,8.3,2023-05-22,Lisboa
541,Dowtown Apartment - Expo20,796,8.7,2023-05-22,Lisboa
542,Live like a local @ Casa da Esquina - Wifi &amp; A/C,690,7.4,2023-05-22,Lisboa
543,Akicity Amoreiras In II,990,7.3,2023-05-22,Lisboa
544,Cozy apartment in Bairro Alto I,776,7.7,2023-05-22,Lisboa
545,Like-home Casa Campolide,924,8.3,2023-05-22,Lisboa
546,Discovery Apartment Expo,955,7.7,2023-05-22,Lisboa
547,Traditional Lisbon Madragoa Studio,564,7.5,2023-05-22,Lisboa
548,Verride Palácio Santa Catarina,3084,9.3,2023-05-22,Lisboa
549,MàHouse GuestHouse,478,8.2,2023-05-22,Lisboa
550,GuestReady - Bright Flat near Rio de Mouro Station,779,3.0,2023-05-22,Lisboa
551,Graça Modern,665,nan,2023-05-22,Lisboa
552,Poppy house in Anjos,778,10,2023-05-22,Lisboa
553,Tagus Apartments by Lisbon Village Apartments,567,8.4,2023-05-22,Lisboa
554,Lisbon Marriott Hotel,1918,8.1,2023-05-22,Lisboa
555,Santa Apolonia 7D - 6 Bedrooms,2591,10,2023-05-22,Lisboa
556,Hotel Real Palacio,1287,8.0,2023-05-22,Lisboa
557,Upon Lisbon Prime Residences,1057,8.9,2023-05-22,Lisboa
558,Madalena by The Beautique Hotels,1545,9.0,2023-05-22,Lisboa
559,Browns Avenue Hotel,1946,9.0,2023-05-22,Lisboa
560,GuestReady - Flamingo's House,747,7.5,2023-05-22,Lisboa
561,Bairro Alto Studios &amp; Flats by Lisbon Village Apartments,648,7.8,2023-05-22,Lisboa
562,The Blue House - Bica Ropers,713,nan,2023-05-22,Lisboa
563,Giestal Terrace,759,8.4,2023-05-22,Lisboa
564,Alojamento local Ideal,444,7.6,2023-05-22,Lisboa
565,GuestReady - Prior do Crato GuestHouse,591,7.2,2023-05-22,Lisboa
566,Lisbon Best Choice Apartments Alfama,1082,8.7,2023-05-22,Lisboa
567,Quartos do Marquês,498,8.4,2023-05-22,Lisboa
568,Apartments in Central Lisbon,648,8.5,2023-05-22,Lisboa
569,GuestReady - Madalena Charming Style Studio,806,7.6,2023-05-22,Lisboa
570,"Parque das Nações, near Airport, Metro Station",688,8.2,2023-05-22,Lisboa
571,Modern and Comfort Apartment 25 by Lisbonne Collection,873,9.2,2023-05-22,Lisboa
572,NAU Palacio do Governador,1796,9.0,2023-05-22,Lisboa
573,Luxury T.M. Flat With a View,2223,9.2,2023-05-22,Lisboa
574,"WHome Lisbon Skyline Penthouse Luxury Living View, AC, Elevator &amp; Parking",3756,nan,2023-05-22,Lisboa
575,Cheese &amp; Wine Lapa,758,7.9,2023-05-22,Lisboa
576,Eurostars Lisboa Parque,962,8.1,2023-05-22,Lisboa
577,Orange 3 House - Chiado Studios,1174,8.7,2023-05-22,Lisboa
578,Hotel Canada,823,8.4,2023-05-22,Lisboa
579,Cozy 1 Bed Apt amidst Bairro Alto!,766,7.0,2023-05-22,Lisboa
580,The Independente Hostel &amp; Suites,1435,8.7,2023-05-22,Lisboa
581,Flats do Chiado,819,8.5,2023-05-22,Lisboa
582,Almaria - Da Corte Apartments | Chiado,1918,9.4,2023-05-22,Lisboa
583,The Ideal Place close to the Castle,1284,9.0,2023-05-22,Lisboa
584,Alma de Santos Apartment,843,8.7,2023-05-22,Lisboa
585,Local House Lisbon,537,8.2,2023-05-22,Lisboa
586,Bright Tailor Made Apartment by the Castle,1112,7.5,2023-05-22,Lisboa
587,Santana 2 - Checkinhome,850,8.6,2023-05-22,Lisboa
588,Caraujo Apartments,1494,7.4,2023-05-22,Lisboa
589,TURIM Restauradores Hotel,1069,7.7,2023-05-22,Lisboa
590,Travel Lovers,564,7.9,2023-05-22,Lisboa
591,easyHotel Lisbon,524,8.1,2023-05-22,Lisboa
592,Rooftop Terrace-Sao Gens Apartments,776,9.3,2023-05-22,Lisboa
593,Residencial Horizonte,525,7.1,2023-05-22,Lisboa
594,The Chill(e),276,7.3,2023-05-22,Lisboa
595,Room Lusíadas with private bathroom,402,7.3,2023-05-22,Lisboa
596,Residencial do Sul,330,6.9,2023-05-22,Lisboa
597,Eurostars Das Letras,1260,8.4,2023-05-22,Lisboa
598,Augusta Residence Apartments,1496,9.3,2023-05-22,Lisboa
599,Lemon Tree Garden 3bedroom Apartment,2274,10,2023-05-22,Lisboa
600,Lemon Tree Garden 3bedroom Apartment,2274,10,2023-05-22,Lisboa
601,FLH Olivais Family Flat,1149,8.5,2023-05-22,Lisboa
602,The Bleu Lisbon Flat,794,8.0,2023-05-22,Lisboa
603,BeGuest Santa Catarina Lisbon Apartment,1023,7.8,2023-05-22,Lisboa
604,Wallis São Bento,394,6.8,2023-05-22,Lisboa
605,TURIM Av. Liberdade Hotel,2052,7.5,2023-05-22,Lisboa
606,Altis Suites Apartamentos Turísticos,1386,8.3,2023-05-22,Lisboa
607,DoubleTree by Hilton Lisbon Fontana Park,1640,7.7,2023-05-22,Lisboa
608,Hotel A.S. Lisboa,880,7.9,2023-05-22,Lisboa
609,Charming Apartment in Alfama,1162,9.0,2023-05-22,Lisboa
610,Mouraria Musica &amp; Romance,1367,8.4,2023-05-22,Lisboa
611,Gonzalo's Guest Apartments - Luxury Baixa,1339,9.0,2023-05-22,Lisboa
612,Parque Nacoes Prime Apartments,1264,8.7,2023-05-22,Lisboa
613,Alfama 2BDR Duplex Apartment W/ Balcony by LovelyStay,1856,nan,2023-05-22,Lisboa
614,Vai a Tejo,2176,7.8,2023-05-22,Lisboa
615,Residencial Camoes,444,7.1,2023-05-22,Lisboa
616,Apartamento Expo,1549,7.8,2023-05-22,Lisboa
617,Nomad's Lisbon Castello Flats,678,6.5,2023-05-22,Lisboa
618,Castilho Terrace Deluxe,1231,9.2,2023-05-22,Lisboa
619,Marquês de Pombal Terrace by Lisbon Village Apartments,864,8.5,2023-05-22,Lisboa
620,Downtown Sleek Apartment 65 by Lisbonne Collection,1086,9.5,2023-05-22,Lisboa
621,Charming One Bedroom Flat,558,8.3,2023-05-22,Lisboa
622,Almirante 48 Two Bedroom,799,8.1,2023-05-22,Lisboa
623,My Story Hotel Augusta,1349,8.8,2023-05-22,Lisboa
624,ON City Suites,685,6.9,2023-05-22,Lisboa
625,FLH Alecrim Downtown Apartment,1113,9.0,2023-05-22,Lisboa
626,Guest Inn 3 Boutique Guest House by Homeful Homes,509,8.5,2023-05-22,Lisboa
627,Expo Oriente 2 Bedrooms by GT House,1037,8.6,2023-05-22,Lisboa
628,Garrett 48 Apartments,924,8.6,2023-05-22,Lisboa
629,Madre Deus Guest House,824,9.2,2023-05-22,Lisboa
630,GuestReady - Minimalist Studio In Downtown Lisbon,607,7.8,2023-05-22,Lisboa
631,Stay Hotel Lisboa Centro Saldanha,594,7.7,2023-05-22,Lisboa
632,Live like a local @ Casa da Esquina - Wifi &amp; A/C,637,7.9,2023-05-22,Lisboa
633,Contemporary Apartment in Chiado 1,761,8.0,2023-05-22,Lisboa
634,My Story Hotel Figueira,1677,9.0,2023-05-22,Lisboa
635,FLH Bairro Alto Lovely Flat,837,7.0,2023-05-22,Lisboa
636,FLH Alfama Flat with River View,1150,9.0,2023-05-22,Lisboa
637,LV Premier AM2,1115,9.0,2023-05-22,Lisboa
638,WHome | Anjos Stylish Apartment #6,857,8.2,2023-05-22,Lisboa
639,Jardim da Lapa by Shiadu,2096,9.1,2023-05-22,Lisboa
640,Almaria - Ex Libris Apartments | Chiado,1736,9.3,2023-05-22,Lisboa
641,Home Lisbon Hostel,1128,9.2,2023-05-22,Lisboa
642,FLH Alfama Charming Flat,655,7.0,2023-05-22,Lisboa
643,Famille au Cœur de Lisbonne,725,8.9,2023-05-22,Lisboa
644,FLH Graça Lovely Apartment I,572,6.4,2023-05-22,Lisboa
645,Atalaia Home,584,6.7,2023-05-22,Lisboa
646,The Central House Lisbon Baixa,824,9.0,2023-05-22,Lisboa
647,Akicity Lisboa Pearl II,1374,7.4,2023-05-22,Lisboa
648,The Tram 18 Space,242,8.0,2023-05-22,Lisboa
649,Cosy Chiado by Homing,663,5.5,2023-05-22,Lisboa
650,Quiet and Bright Apartment 16 by Lisbonne Collection,1003,nan,2023-05-22,Lisboa
651,NH Lisboa Campo Grande,922,8.6,2023-05-22,Lisboa
652,Pestana Palace Lisboa Hotel &amp; National Monument - The Leading Hotels of the World,2321,8.9,2023-05-22,Lisboa
653,Lisboa Central Apartment,954,9.1,2023-05-22,Lisboa
654,1908 Lisboa Hotel,2364,9.3,2023-05-22,Lisboa
655,Lisbon Sao Bento Hotel,705,8.2,2023-05-22,Lisboa
656,Lis Apartments,819,8.9,2023-05-22,Lisboa
657,2 Bedroom close to Timeout Market by Innkeeper,1146,9.5,2023-05-22,Lisboa
658,Sitio dos Cavaleiros Apartments,1542,9.1,2023-05-22,Lisboa
659,SK Lisboa Villa Guesthouse,671,9.0,2023-05-22,Lisboa
660,Alfama Chic Penabuquel3,809,7.7,2023-05-22,Lisboa
661,TURIM Luxe Hotel,845,7.6,2023-05-22,Lisboa
662,Silver Apart City Center,834,8.0,2023-05-22,Lisboa
663,The ICONS Lisbon Central Hotel,780,7.9,2023-05-22,Lisboa
664,Fabulouse Apartment in the Center of Lisbon,1336,9.2,2023-05-22,Lisboa
665,Masa Hotel 5 de Outubro,804,8.4,2023-05-22,Lisboa
666,GuestReady - Colourful and Modern LxFactory,1067,8.3,2023-05-22,Lisboa
667,Tandem Palacio Alfama Suites,1477,8.9,2023-05-22,Lisboa
668,GuestReady - Castle - Apt for 4 guests in Saldanha,966,7.8,2023-05-22,Lisboa
669,"Apartment with a Terrace, Air Conditioner and Fast Internet",1100,9.2,2023-05-22,Lisboa
670,Amazing loft in Lisbon,1104,nan,2023-05-22,Lisboa
671,Ola Lisbon - Terrace Principe Real II,1350,8.0,2023-05-22,Lisboa
672,Amoreiras Studios,456,7.0,2023-05-22,Lisboa
673,Romantic Gem with 2 Terraces in Alcântara,1062,8.2,2023-05-22,Lisboa
674,The Famous Blue House,1049,6.3,2023-05-22,Lisboa
675,Akicity Campolide Selected,1134,9.5,2023-05-22,Lisboa
676,GuestReady - Cozy and Homelike Apt in the heart of Lisbon,682,6.3,2023-05-22,Lisboa
677,4U Lisbon IV Guesthouse,474,7.5,2023-05-22,Lisboa
678,Akicity Amoreiras Palisade,1374,7.7,2023-05-22,Lisboa
679,Chiado Square Apartments | Lisbon Best Apartments,1659,9.5,2023-05-22,Lisboa
680,The Red Jedi,744,9.0,2023-05-22,Lisboa
681,Ola Lisbon - Rato I,1499,8.7,2023-05-22,Lisboa
682,Casas da Baixa - Jules &amp; Madeleine,985,8.6,2023-05-22,Lisboa
683,Bairro Alto Music Guest House,985,8.4,2023-05-22,Lisboa
684,Studios in Beco da Formosa in Alfama - Lisbon,778,8.0,2023-05-22,Lisboa
685,FLH Alfama Lovely Studio,592,6.1,2023-05-22,Lisboa
686,Casas na Portuguesa - Bica Chiado,1442,9.2,2023-05-22,Lisboa
687,SORIANO Place,1087,9.2,2023-05-22,Lisboa
688,BeHappy Apartments,1197,8.1,2023-05-22,Lisboa
689,FLH Santa Catarina Cozy Apartment,867,7.7,2023-05-22,Lisboa
690,Luzeiros Suites,737,8.2,2023-05-22,Lisboa
691,FLH Praça Comércio Artistic Flat with Balcony,1613,9.3,2023-05-22,Lisboa
692,GuestReady - Exquisite Portuguese Simbols,1000,6.7,2023-05-22,Lisboa
693,Residencial do Areeiro,504,6.5,2023-05-22,Lisboa
694,Lisboa 85 Suites &amp; Apartments by RIDAN Hotels,840,8.3,2023-05-22,Lisboa
695,Nice apartment in BAIRRO ALTO 6º,624,8.8,2023-05-22,Lisboa
696,Lisbonne Appartements,938,8.9,2023-05-22,Lisboa
697,Rent4Rest - Lisbon Downtown Designer's Apartment,2020,8.6,2023-05-22,Lisboa
698,Valverde Hotel - Relais &amp; Chateaux,3324,8.8,2023-05-22,Lisboa
699,GuestReady - Fantastic Apt near Castelo de S Jorge,1000,5.8,2023-05-22,Lisboa
700,behotelisboa,1487,8.6,2023-05-22,Lisboa
701,Casual Belle Epoque Lisboa,1309,8.4,2023-05-22,Lisboa
702,Lisbon T2 apartment in typical villa in Sapadores Lisbon,829,7.1,2023-05-22,Lisboa
703,Lisbon Five Stars Apartments Combro 77,1141,8.1,2023-05-22,Lisboa
704,FLH Santa Catarina Lovely Flat,838,7.8,2023-05-22,Lisboa
705,Panoramic Living,928,8.9,2023-05-22,Lisboa
706,Tejo90 - Penthouse by the River,1494,9.4,2023-05-22,Lisboa
707,Lisbon Arsenal Suites,704,7.4,2023-05-22,Lisboa
708,Hotel Metropole,1044,7.6,2023-05-22,Lisboa
709,Graca Elegant by Homing,855,7.3,2023-05-22,Lisboa
710,Solar dos Poetas,1316,8.9,2023-05-22,Lisboa
711,Santos Stylish by Homing,696,6.5,2023-05-22,Lisboa
712,Akicity Alameda Vegur,1350,8.0,2023-05-22,Lisboa
713,Vistas Sobre O Rio Tejo,1020,9.3,2023-05-22,Lisboa
714,"Holiday Inn Lisbon-Continental, an IHG Hotel",960,8.0,2023-05-22,Lisboa
715,Olissippo Saldanha,1099,8.7,2023-05-22,Lisboa
716,Santos River View Terrace Duplex,1744,8.6,2023-05-22,Lisboa
717,Praça do Chile apartment,675,7.7,2023-05-22,Lisboa
718,The Felix 10,1110,9.6,2023-05-22,Lisboa
719,Czar Lisbon Hotel,945,8.3,2023-05-22,Lisboa
720,Santa Catarina Apartments by Les Deux Mariettes,1223,8.6,2023-05-22,Lisboa
721,Belem Lisbon Apartment,764,9.1,2023-05-22,Lisboa
722,Akicity Belém In,1098,1.0,2023-05-22,Lisboa
723,Lusitano Apartment Top Floor,866,8.7,2023-05-22,Lisboa
724,Like-home Best Place Apt,864,9.4,2023-05-22,Lisboa
725,Olissippo Lapa Palace – The Leading Hotels of the World,2864,9.3,2023-05-22,Lisboa
726,Cozy Estrela Apartment,594,8.3,2023-05-22,Lisboa
727,Duplex do Pipas,684,nan,2023-05-22,Lisboa
728,Hotel DAH - Dom Afonso Henriques,636,7.9,2023-05-22,Lisboa
729,Chiado Mercy Apartments | Lisbon Best Apartments,2066,9.5,2023-05-22,Lisboa
730,Casa do Mocho II,586,8.6,2023-05-22,Lisboa
731,Casas da Baixa - Lighthouse Apartments,947,8.8,2023-05-22,Lisboa
732,Alfama Terrace,1161,8.5,2023-05-22,Lisboa
733,Correeiros Baixa Centre Apartment,850,nan,2023-05-22,Lisboa
734,Room I - Atalaia - Bairro Alto,294,6.6,2023-05-22,Lisboa
735,FREE WIFI -Estrela Lapa- TRAM 28,500,nan,2023-05-22,Lisboa
736,Casa Oliveira in Alvalade,905,7.7,2023-05-22,Lisboa
737,Lisbon Canaan Boutique Apartments Fanqueiros 114 by Get Your Stay,1744,8.6,2023-05-22,Lisboa
738,Family Macedo,444,8.1,2023-05-22,Lisboa
739,Portas da Sé Apartments,1434,7.9,2023-05-22,Lisboa
740,Casa do João • City Break • Lisbon,864,9.3,2023-05-22,Lisboa
741,7Rios Rooms,420,6.8,2023-05-22,Lisboa
742,FLH Campo de Ourique Bright Apartment,777,8.3,2023-05-22,Lisboa
743,GuestReady - Practical 1 BDR appt near the beach!,545,nan,2023-05-22,Lisboa
744,Hotel ibis Lisboa Alfragide,482,7.8,2023-05-22,Lisboa
745,Cosmopolis,737,8.4,2023-05-22,Lisboa
746,GuestReady - Elegant River View Duplex in Belem,764,7.0,2023-05-22,Lisboa
747,We Love F Tourists,642,8.9,2023-05-22,Lisboa
748,Casa da Avenida Lisboa,1759,9.3,2023-05-22,Lisboa
749,Apartment Ajuda Tagus River View,924,nan,2023-05-22,Lisboa
750,GuestReady - Forno do Sol 7 RC E,533,5.0,2023-05-22,Lisboa
751,Mini Hostel in Lisbon,281,7.0,2023-05-22,Lisboa
752,Chiado Camões Apartments | Lisbon Best Apartments,2013,9.5,2023-05-22,Lisboa
753,WHome | Madalena Downtown Luxury Duplex,1921,9.5,2023-05-22,Lisboa
754,Alfama Vintage 1 five guests Alfama Vintage 2 five guests Alfama Vintage 3 three Guests,798,7.3,2023-05-22,Lisboa
755,FLH Downtown Amazing Flat,1566,8.5,2023-05-22,Lisboa
756,Design Loft Belém -100m2,1284,8.6,2023-05-22,Lisboa
757,Ola Lisbon - Alfama II,1026,6.2,2023-05-22,Lisboa
758,Swimming pool apartment with private parking,780,4.5,2023-05-22,Lisboa
759,The Postcard Avenue,618,8.3,2023-05-22,Lisboa
760,Hotel Duas Nações,564,7.0,2023-05-22,Lisboa
761,Four Seasons Hotel Ritz Lisbon,5874,8.8,2023-05-22,Lisboa
762,OnJ S. Lazaro Lisboa,1150,9.0,2023-05-22,Lisboa
763,#Tram28_Cosy,861,9.0,2023-05-22,Lisboa
764,"Alfama 88, By Home With a View",693,6.3,2023-05-22,Lisboa
765,Duplex ap Best Location,1044,8.3,2023-05-22,Lisboa
766,Three bedroom apartment in historical centre -Bairro Alto,966,nan,2023-05-22,Lisboa
767,Classic and Comfortable Topfloor Apartment 13 by Lisbonne Collection,655,9.1,2023-05-22,Lisboa
768,NEYA Lisboa Hotel,1309,8.4,2023-05-22,Lisboa
769,Cozy Avenida Guesthouse,565,6.8,2023-05-22,Lisboa
770,Memories of Lisbon,444,8.3,2023-05-22,Lisboa
771,Vila Rosário in Graça,776,8.4,2023-05-22,Lisboa
772,Charming Apartments by Goodplace,399,4.8,2023-05-22,Lisboa
773,BmyT - The Villa,692,7.5,2023-05-22,Lisboa
774,Solar Dos Mouros,1338,9.0,2023-05-22,Lisboa
775,Old Town Lx Suites,924,7.1,2023-05-22,Lisboa
776,LX Hostel,529,9.1,2023-05-22,Lisboa
777,New and Central with free parking and 5min walk of subway station,949,8.5,2023-05-22,Lisboa
778,Ando Living - Augusta Townhouse,2229,9.2,2023-05-22,Lisboa
779,Baixa Tile Blue Two-Bedroom Apartment - by LU Holidays,1807,9.4,2023-05-22,Lisboa
780,Embaixador Apartments&amp;Suites,908,8.8,2023-05-22,Lisboa
781,FLH S Bento Foldable Color Studio,613,8.3,2023-05-22,Lisboa
782,Casa da Praceta,777,8.2,2023-05-22,Lisboa
783,8 Building Apartments,1242,8.9,2023-05-22,Lisboa
784,WHome Central Minimalist 1-Bed Great to Explore Lisbon,804,10,2023-05-22,Lisboa
785,Wallis Rato,394,7.0,2023-05-22,Lisboa
786,Oriente DNA Studios II,666,7.2,2023-05-22,Lisboa
787,Lisbon Poets Inn,374,7.7,2023-05-22,Lisboa
788,Beautiful Studio in Historic Alfama,721,8.5,2023-05-22,Lisboa
789,WHome | CSA18 Luxury Design Apartment,1084,9.6,2023-05-22,Lisboa
790,Lisbon Chillout Apartments,885,8.4,2023-05-22,Lisboa
791,Ajuda Luxury Appartments,982,9.3,2023-05-22,Lisboa
792,Alcântara Lodge,803,9.4,2023-05-22,Lisboa
793,Luxury Casal Ribeiro I by Innkeeper,1348,7.2,2023-05-22,Lisboa
794,Sweethome,972,9.8,2023-05-22,Lisboa
795,Largo da Paz 24,539,7.5,2023-05-22,Lisboa
796,Akicity Saldanha Jade,1667,nan,2023-05-22,Lisboa
797,Downtown Chiado by Homing,1359,7.2,2023-05-22,Lisboa
798,Bairro Alto,2124,8.0,2023-05-22,Lisboa
799,In Amoreiras,984,9.5,2023-05-22,Lisboa
800,Martinhal Lisbon Chiado,1940,9.1,2023-05-22,Lisboa
801,The Twenties,634,7.2,2023-05-22,Lisboa
802,Flora Chiado Apartments,2669,9.7,2023-05-22,Lisboa
803,FLH Praça Rossio Elegant Flat,1281,9.0,2023-05-22,Lisboa
804,Boho Guesthouse - Rooms &amp; Apartments,446,8.4,2023-05-22,Lisboa
805,FLH Baixa Contemporary Flat,1113,nan,2023-05-22,Lisboa
806,The Slow,1197,8.0,2023-05-22,Lisboa
807,Two Bedroom Apt in Historic location! Close to the River,951,7.0,2023-05-22,Lisboa
808,FLH Intendente Blue Flat with Balcony,1711,8.2,2023-05-22,Lisboa
809,GuestReady - Vibrant 2BR Apartment,983,5.6,2023-05-22,Lisboa
810,Home Sweet Apartments,1214,8.5,2023-05-22,Lisboa
811,Norte Guest House,309,6.8,2023-05-22,Lisboa
812,The 7 Hotel,739,8.5,2023-05-22,Lisboa
813,Vita Portucale ! Charming Loft with Garage,719,7.4,2023-05-22,Lisboa
814,Teatro Boutique Rooms &amp; Suites,1370,7.6,2023-05-22,Lisboa
815,Principe Real Best Location,706,5.0,2023-05-22,Lisboa
816,"Typical Alfama Apartment, by TimeCooler",754,10,2023-05-22,Lisboa
817,Chic &amp; Classy Lisboa by GT House,1385,8.0,2023-05-22,Lisboa
818,Oriente DNA Studios X,631,nan,2023-05-22,Lisboa
819,WHome | LS48 Prime Location Upscale Family Apartment,1943,9.0,2023-05-22,Lisboa
820,Aposentos d'El Rei - Mouraria - Checkinhome,685,7.0,2023-05-22,Lisboa
821,Apartamento Pensamento 12B,564,7.9,2023-05-22,Lisboa
822,Asian Everest House,364,7.6,2023-05-22,Lisboa
823,Hotel das Amoreiras - Small Luxury Hotels of the World,1520,9.5,2023-05-22,Lisboa
824,"Brand New River View Apartment Belém - 1 bedroom, A/C",873,9.3,2023-05-22,Lisboa
825,The Postcard Lisbon,645,8.7,2023-05-22,Lisboa
826,Hotel Jeronimos 8,1335,7.7,2023-05-22,Lisboa
827,Restelo House Shared Appartment,324,6.2,2023-05-22,Lisboa
828,Stylish Private Apartment » 3 bedrooms » A/C » Near Metro,1299,8.0,2023-05-22,Lisboa
829,Severa Apartments,503,6.8,2023-05-22,Lisboa
830,4U Lisbon VI Guesthouse,534,7.8,2023-05-22,Lisboa
831,bairro alto-chiado 2 bdr beautifull view,1366,7.8,2023-05-22,Lisboa
832,01 Nice Flat by Olivais,578,8.4,2023-05-22,Lisboa
833,Casa C'Alma,924,9.3,2023-05-22,Lisboa
834,Apartamento pensamento IV,564,6.6,2023-05-22,Lisboa
835,House Sao Bento,534,8.7,2023-05-22,Lisboa
836,Akicity Marques Star III,1254,nan,2023-05-22,Lisboa
837,Baxia-Chiado Apartment with Incredible view,1363,7.7,2023-05-22,Lisboa
838,Fontecruz Lisboa,3004,8.9,2023-05-22,Lisboa
839,Green Heart Hostel,420,7.9,2023-05-22,Lisboa
840,Hotel 3K Europa,991,8.3,2023-05-22,Lisboa
841,BmyGuest - Prestige Palace Apartment,804,8.6,2023-05-22,Lisboa
842,FLH Lisbon Sun Terrace Graça IV,957,7.8,2023-05-22,Lisboa
843,FLH Studio Alfama,614,7.0,2023-05-22,Lisboa
844,Beautiful apartment in Bairro Alto - Quite,1137,8.7,2023-05-22,Lisboa
845,Conde 3BDR Luxury,1974,9.3,2023-05-22,Lisboa
846,Moradia Clássica no Beato,1113,9.5,2023-05-22,Lisboa
847,FLH Intendente Charming Flat,837,8.4,2023-05-22,Lisboa
848,Saldanha Pool &amp; Garden,699,8.7,2023-05-22,Lisboa
849,Casinha das Flores,833,8.3,2023-05-22,Lisboa
850,Modern Apartment Bica dos Olhos,1358,8.9,2023-05-22,Lisboa
851,Lisbon Liberdade Central Apartments,1144,7.8,2023-05-22,Lisboa
852,Olissippo Marques de Sa,1134,8.4,2023-05-22,Lisboa
853,Unknown Lisbon 2C - 1 BDR apt in NEW building,741,9.2,2023-05-22,Lisboa
854,Lisbon Serviced Apartments - Principe Real,1239,8.7,2023-05-22,Lisboa
855,Golden Apartment City Center,789,8.1,2023-05-22,Lisboa
856,Calcada de Arroios Pleasant Flat,634,4.5,2023-05-22,Lisboa
857,Romantic Blue,793,9.5,2023-05-22,Lisboa
858,Lisbon Luxury Flat,1357,9.4,2023-05-22,Lisboa
859,Dalma Flats - Castelo,904,7.8,2023-05-22,Lisboa
860,Bica Apartment,1284,8.5,2023-05-22,Lisboa
861,Tagus Marina,999,9.3,2023-05-22,Lisboa
862,Welcome to Prazeres Apartment,527,8.8,2023-05-22,Lisboa
863,Loft Mouraria,676,nan,2023-05-22,Lisboa
864,Hotel Excelsior,650,6.7,2023-05-22,Lisboa
865,Senna Apartment,903,8.8,2023-05-22,Lisboa
866,Zurin Charm Hotel,894,9.0,2023-05-22,Lisboa
867,Apartments in Historical Lisbon,1391,8.8,2023-05-22,Lisboa
868,Ambassador River Shower Suites,1193,9.2,2023-05-22,Lisboa
869,Heart of Lisbon,618,6.9,2023-05-22,Lisboa
870,FS Boutique Downtown,1182,9.0,2023-05-22,Lisboa
871,Belem Premium Duplex by Homing,1007,8.0,2023-05-22,Lisboa
872,Lovely Private Suites in Central Lapa,666,7.3,2023-05-22,Lisboa
873,Liberdade Central Apartment,1046,3.0,2023-05-22,Lisboa
874,Santana 1 - Checkinhome,850,8.8,2023-05-22,Lisboa
875,LX History Hotel,523,8.4,2023-05-22,Lisboa
876,Mirabilis Apartments - AAA23,1024,9.3,2023-05-22,Lisboa
877,"Light Filled Apartment near Chiado, By TimeCooler",811,7.8,2023-05-22,Lisboa
878,Olá Lisbon - Luxury Graça I,6214,9.6,2023-05-22,Lisboa
879,Olá Lisbon - Graça II,1502,8.7,2023-05-22,Lisboa
880,Vita Portucale ! Deluxe 3 Br Apartment in Arroios,1407,8.5,2023-05-22,Lisboa
881,FLH Alfama Bright Apartment,742,7.9,2023-05-22,Lisboa
882,City Center Martim Moniz,354,7.0,2023-05-22,Lisboa
883,Downtown Madalena by Homing,1172,6.7,2023-05-22,Lisboa
884,FLH Liberdade Contemporary Flat,765,8.2,2023-05-22,Lisboa
885,Spacious Tailor Made Bairro Alto,1376,8.1,2023-05-22,Lisboa
886,Belem Aloja,894,8.3,2023-05-22,Lisboa
887,GuestReady - Beautiful Apartment in Intendente,607,6.3,2023-05-22,Lisboa
888,Watching Ciro Apartment,489,4.7,2023-05-22,Lisboa
889,Lisbon Serviced Apartments - Estrela,1021,8.6,2023-05-22,Lisboa
890,Vista Rio,528,nan,2023-05-22,Lisboa
891,Hidden Gem 1 near Praça do Comércio,900,8.0,2023-05-22,Lisboa
892,Vistas de Lisboa Hostel,402,7.1,2023-05-22,Lisboa
893,Prestige Ajuda Apartment,1013,8.5,2023-05-22,Lisboa
894,"TP Maestro 74, Lisbon Luxury &amp; Swimming Pool",1994,9.2,2023-05-22,Lisboa
895,Balcony Apartment in Lisbon Center,834,8.5,2023-05-22,Lisboa
896,Sunny &amp; Quiet in Historic Center,1198,8.1,2023-05-22,Lisboa
897,Residencial Roxi,294,7.5,2023-05-22,Lisboa
898,Sweet Apartment with Terrace in Central,879,8.0,2023-05-22,Lisboa
899,Lisbon Five Stars Apartments Combro 7,2300,8.1,2023-05-22,Lisboa
900,Mouraria Studios &amp; Flats by Lisbon Village Apartments,594,8.0,2023-05-22,Lisboa
901,republica83-Lisbonhome,584,nan,2023-05-22,Lisboa
902,67 Rua São José,999,8.8,2023-05-22,Lisboa
903,FLH Liberdade Terrace Apartment,765,7.2,2023-05-22,Lisboa
904,Verde Esperança,264,7.4,2023-05-22,Lisboa
905,Portuguese Charm in Lisbon,774,7.8,2023-05-22,Lisboa
906,Zuni Guest House,406,8.1,2023-05-22,Lisboa
907,Wonderful Apartment in the Historial Center of Lisbon,1225,9.0,2023-05-22,Lisboa
908,Les Deux Mariettes São Bento,1582,9.4,2023-05-22,Lisboa
909,Lisboa Manaia Home,744,nan,2023-05-22,Lisboa
910,LxRoller Lisboa Central,347,7.1,2023-05-22,Lisboa
911,Best of Principe Real Liberdade in the Heart of Lisbon with Private Parking,902,8.5,2023-05-22,Lisboa
912,Entrecampos - Two bedroom apartment with Terrace,504,6.9,2023-05-22,Lisboa
913,Cozy Lisbon Janelas Verdes,744,6.3,2023-05-22,Lisboa
914,Apartment Baixa/Chiado view Tagus,999,9.1,2023-05-22,Lisboa
915,Akicity Benfica Arvin,1374,1.0,2023-05-22,Lisboa
916,MY LX FLAT Baixa Alfama Apartments,1733,8.8,2023-05-22,Lisboa
917,Casa do Telheiro,594,7.3,2023-05-22,Lisboa
918,Top floor Amazing View Apartment 63 by Lisbonne Collection,1023,9.4,2023-05-22,Lisboa
919,The Day Tripper at Chiado,868,6.0,2023-05-22,Lisboa
920,Casa Boma Lisboa - Design Apartment with Private Vegetal Terrace - Lapa VII,983,8.6,2023-05-22,Lisboa
921,Hera 1 By Innkeeper,774,7.0,2023-05-22,Lisboa
922,Fragrant Garden Apartment,2884,9.4,2023-05-22,Lisboa
923,Room With Private Bathroom -Alcantara,392,7.1,2023-05-22,Lisboa
924,"Trendy, Vintage with Castle View Apartment 44 by Lisbonne Collection",886,8.6,2023-05-22,Lisboa
925,quarto suite em Belém,504,8.0,2023-05-22,Lisboa
926,Rainbow Guest House,444,7.5,2023-05-22,Lisboa
927,FLH Graça Lovely Apartment II,718,7.0,2023-05-22,Lisboa
928,Nesha Lucky nr. 23,387,7.8,2023-05-22,Lisboa
929,Lisbon Alfama Street View,1274,8.4,2023-05-22,Lisboa
930,Spacious Studio in Lisbon,1384,9.0,2023-05-22,Lisboa
931,Akicity Real Charm,1638,nan,2023-05-22,Lisboa
932,Charm Flats,1142,8.0,2023-05-22,Lisboa
933,Ama Apartments,915,8.6,2023-05-22,Lisboa
934,Flores Terrace Apartment,1524,8.1,2023-05-22,Lisboa
935,One bedroom apartment in the centre - Tv. da Madalena 01,663,7.9,2023-05-22,Lisboa
936,Inn Possible Lisbon Hostel,904,8.4,2023-05-22,Lisboa
937,Studio &amp; Garden,632,8.7,2023-05-22,Lisboa
938,Vila Olarias,813,8.8,2023-05-22,Lisboa
939,Cozy Apartment in historic center,776,8.2,2023-05-22,Lisboa
940,Olá Lisbon - Bairro Alto II,913,7.3,2023-05-22,Lisboa
941,WHome | Casino Premium Apartment,950,8.5,2023-05-22,Lisboa
942,Classy 2BDR Apartment in Downtown by LovelyStay,1244,7.9,2023-05-22,Lisboa
943,My Lisbon Love Affair,1049,9.2,2023-05-22,Lisboa
944,Elegant S. Miguel Apartment,1117,8.8,2023-05-22,Lisboa
945,Beato HUB Residences | Perfect for Digital Nomads &amp; Families,908,8.1,2023-05-22,Lisboa
946,Alojamento Batista,999,9.3,2023-05-22,Lisboa
947,Starhouse,974,9.1,2023-05-22,Lisboa
948,Suites Panoramic - River View,1392,8.3,2023-05-22,Lisboa
949,St. George Hills Studios,605,7.1,2023-05-22,Lisboa
950,"3 Bedroom, 3 Bathroom apartment with Terrasse n22 - Martim Moniz",1712,7.9,2023-05-22,Lisboa
951,Gonzalo's Guest Apartments - Downtown Historic Flats,1274,8.5,2023-05-22,Lisboa
952,Kalathos House 4 apartment by GT House,904,8.0,2023-05-22,Lisboa
953,Rooms in front of the Fado Museum in Alfama,2031,8.9,2023-05-22,Lisboa
954,Casa de Hospedes Boa Noite,354,6.9,2023-05-22,Lisboa
955,Central Lisbon Luxury Apartment,1134,9.4,2023-05-22,Lisboa
956,NICE APARTMENTS IN PERFECT LISBON LOCATION,979,10,2023-05-22,Lisboa
957,Chiado Trindade Apartments | Lisbon Best Apartments,2039,9.5,2023-05-22,Lisboa
958,Rustic City View Apartments in Baixa by River Tagus,1543,9.7,2023-05-22,Lisboa
959,Castilho 63 Hostel &amp; Suites,661,7.6,2023-05-22,Lisboa
960,Lisbon Hill House - NO. 591,496,9.5,2023-05-22,Lisboa
961,Downtown Lisbon Palma Suites by Homing,937,7.5,2023-05-22,Lisboa
962,Akicity Benfica Cadet,990,nan,2023-05-22,Lisboa
963,Vila Queirós - Cozy&amp;Sweet,1149,8.0,2023-05-22,Lisboa
964,New Art Apartment,1047,9.5,2023-05-22,Lisboa
965,Crucifixo Downtown terrance &amp; Deluxe Apartment,2292,7.3,2023-05-22,Lisboa
966,Rita &amp; Marino Apartment,1233,7.7,2023-05-22,Lisboa
967,Santos Classic by Homing,655,5.1,2023-05-22,Lisboa
968,Bairro Alto Studio Apartments - by LU Holidays,1012,7.8,2023-05-22,Lisboa
969,GuestReady - Figueira Guesthouse - Room 1,474,4.8,2023-05-22,Lisboa
970,Central &amp; Calm With Great View,1424,7.5,2023-05-22,Lisboa
971,Casa do Castelo,773,9.3,2023-05-22,Lisboa
972,Akicity Campolide Targa,1134,nan,2023-05-22,Lisboa
973,Classic Lisbon Downtown Apartment,2544,7.8,2023-05-22,Lisboa
974,Sao Lazaro Apartments,503,8.5,2023-05-22,Lisboa
975,Elegant Apartment Santana,997,7.3,2023-05-22,Lisboa
976,Charming Lisbon 7 by Homeful Homes,589,8.1,2023-05-22,Lisboa
977,My Lisbon Home- Chiado,1252,9.3,2023-05-22,Lisboa
978,Sunny Apartment with balcony!,1218,7.0,2023-05-22,Lisboa
979,Akicity Ajuda Ciel,954,10,2023-05-22,Lisboa
980,Cardal Deluxe Apartment,1186,9.2,2023-05-22,Lisboa
981,FLH Marquês Homey Apartment,1032,9.3,2023-05-22,Lisboa
982,Cosy studio by the Flea Market and Tram 28,594,7.7,2023-05-22,Lisboa
983,"TP AURA 19, Swimming Pool, Terrace &amp; View",1994,9.1,2023-05-22,Lisboa
984,Sunny Suites Lisbon,607,7.0,2023-05-22,Lisboa
985,Casinha Azul,830,7.6,2023-05-22,Lisboa
986,City and River Views,996,nan,2023-05-22,Lisboa
987,Renewed Apartment in Alfama (near the Cathedral),1347,7.8,2023-05-22,Lisboa
988,Carmo Hideout at Chiado by Innkeeper,1155,8.6,2023-05-22,Lisboa
989,Sunny Apartment in Lisbon!,1029,nan,2023-05-22,Lisboa
990,Alfama 2 You,924,9.5,2023-05-22,Lisboa
991,VIP Inn Berna Hotel,502,7.3,2023-05-22,Lisboa
992,Apartamento Lud - Santos,630,7.7,2023-05-22,Lisboa
993,Rose view guest house,444,7.4,2023-05-22,Lisboa
994,Casa Boma Lisboa - Sophisticated Apartment with Private Terrace - Alcantara VI,853,8.7,2023-05-22,Lisboa
995,Lisbon Center I,2285,9.0,2023-05-22,Lisboa
996,LovelyStay - Family-Friendly Apartment Downtown,1085,8.1,2023-05-22,Lisboa
997,Lisbon Five Stars Apartments Bica,2137,8.6,2023-05-22,Lisboa
998,Casa Portuguesa Fanqueiros,1690,8.4,2023-05-22,Lisboa
999,Avenue Hostel &amp; Suites,1044,8.0,2023-05-22,Lisboa
